questionName,contestId,questionDescriptionText,questionInputText,questionOutputText,questionExampleInput1,questionExampleOutput1,questionExampleInput2,questionExampleOutput2,questionExampleInput3,questionExampleOutput3,questionHiddenInput1,questionHiddenOutput1,questionHiddenInput2,questionHiddenOutput2,questionHiddenInput3,questionHiddenOutput3,questionExplanation,company,topic
Sum of Five Integers,SAMPLE1,Program to find sum of given two integer numbers ,Input format,Output format,"5
6",11,"5
6",11,"5
6",11,"5
6",11,"5
6",11,"5
6",11,This is a demo explanation,"Bloom,Accenture, TCS","Sorting,Searching"
Sum of Six Real Numbers,SAMPLE1,Program to find sum of given two real numbers to the nearest integer value,Input format,Output format,"5.5
6.5",12,"5.5
6.5",12,"5.5
6.5",12,"5.5
6.5",12,"5.5
6.5",12,"5.5
6.5",12,This is a demo explanation,"TCS,Infosys","Recursion,Tabulation"
